Indicador,Valor
Generación mensual (kWh),300.0
Demanda mensual (kWh),535.0000000000001
Energía compartida (kWh),228.13376558078647
Compra red (kWh),306.8662344192136
Excedentes (kWh),71.8662344192135
Ingresos (COP),134598.921692664
Costos (COP),77100.0
Utilidad (COP),57498.92169266401
Ahorro usuarios (COP),47451.823240803584
